oid	mib_object	tier	value_type
1.3.6.1.4.1.318.1.1.26.9.2.3.1.5.1	rPDU2OutletSwitchedStatusState	state	integer
1.3.6.1.4.1.318.1.1.26.9.2.3.1.5.2	rPDU2OutletSwitchedStatusState	state	integer
1.3.6.1.4.1.318.1.1.26.9.2.3.1.5.3	rPDU2OutletSwitchedStatusState	state	integer
1.3.6.1.4.1.318.1.1.26.9.2.3.1.5.4	rPDU2OutletSwitchedStatusState	state	integer
1.3.6.1.4.1.318.1.1.26.9.2.3.1.5.5	rPDU2OutletSwitchedStatusState	state	integer
1.3.6.1.4.1.318.1.1.26.9.2.3.1.5.6	rPDU2OutletSwitchedStatusState	state	integer
1.3.6.1.4.1.318.1.1.26.9.2.3.1.5.7	rPDU2OutletSwitchedStatusState	state	integer
1.3.6.1.4.1.318.1.1.26.9.2.3.1.5.8	rPDU2OutletSwitchedStatusState	state	integer
1.3.6.1.4.1.318.1.1.26.9.2.3.1.5.9	rPDU2OutletSwitchedStatusState	state	integer
1.3.6.1.4.1.318.1.1.26.9.2.3.1.5.10	rPDU2OutletSwitchedStatusState	state	integer
1.3.6.1.4.1.318.1.1.26.9.2.3.1.5.11	rPDU2OutletSwitchedStatusState	state	integer
1.3.6.1.4.1.318.1.1.26.9.2.3.1.5.12	rPDU2OutletSwitchedStatusState	state	integer
1.3.6.1.4.1.318.1.1.26.9.2.3.1.5.13	rPDU2OutletSwitchedStatusState	state	integer
1.3.6.1.4.1.318.1.1.26.9.2.3.1.5.14	rPDU2OutletSwitchedStatusState	state	integer
1.3.6.1.4.1.318.1.1.26.9.2.3.1.5.15	rPDU2OutletSwitchedStatusState	state	integer
1.3.6.1.4.1.318.1.1.26.9.2.3.1.5.16	rPDU2OutletSwitchedStatusState	state	integer
1.3.6.1.4.1.318.1.1.26.9.2.3.1.5.17	rPDU2OutletSwitchedStatusState	state	integer
1.3.6.1.4.1.318.1.1.26.9.2.3.1.5.18	rPDU2OutletSwitchedStatusState	state	integer
1.3.6.1.4.1.318.1.1.26.9.2.3.1.5.19	rPDU2OutletSwitchedStatusState	state	integer
1.3.6.1.4.1.318.1.1.26.9.2.3.1.5.20	rPDU2OutletSwitchedStatusState	state	integer
1.3.6.1.4.1.318.1.1.26.9.2.3.1.5.21	rPDU2OutletSwitchedStatusState	state	integer
1.3.6.1.4.1.318.1.1.26.9.2.3.1.5.22	rPDU2OutletSwitchedStatusState	state	integer
1.3.6.1.4.1.318.1.1.26.9.2.3.1.5.23	rPDU2OutletSwitchedStatusState	state	integer
1.3.6.1.4.1.318.1.1.26.9.2.3.1.5.24	rPDU2OutletSwitchedStatusState	state	integer
1.3.6.1.4.1.318.1.1.26.4.3.1.11.1	rPDU2DeviceStatusCommandPending	state	integer
1.3.6.1.4.1.318.1.1.26.4.3.1.4.1	rPDU2DeviceStatusLoadState	state	integer
1.3.6.1.4.1.318.1.1.26.4.3.1.5.1	rPDU2DeviceStatusPower	state	integer
1.3.6.1.4.1.318.1.1.26.4.3.1.6.1	rPDU2DeviceStatusPeakPower	state	integer
1.3.6.1.4.1.318.1.1.26.4.3.1.16.1	rPDU2DeviceStatusApparentPower	state	integer
1.3.6.1.4.1.318.1.1.26.4.3.1.17.1	rPDU2DeviceStatusPowerFactor	state	integer
1.3.6.1.4.1.318.1.1.26.4.3.1.9.1	rPDU2DeviceStatusEnergy	state	integer
1.3.6.1.4.1.318.1.1.26.4.3.1.12.1	rPDU2DeviceStatusPowerSupplyAlarm	state	integer
1.3.6.1.4.1.318.1.1.26.4.3.1.13.1	rPDU2DeviceStatusPowerSupply1Status	state	integer
1.3.6.1.4.1.318.1.1.26.4.3.1.14.1	rPDU2DeviceStatusPowerSupply2Status	state	integer
1.3.6.1.4.1.318.1.1.26.6.3.1.4.1	rPDU2PhaseStatusLoadState	meas	integer
1.3.6.1.4.1.318.1.1.26.6.3.1.5.1	rPDU2PhaseStatusCurrent	meas	integer
1.3.6.1.4.1.318.1.1.26.6.3.1.6.1	rPDU2PhaseStatusVoltage	meas	integer
1.3.6.1.4.1.318.1.1.26.6.3.1.7.1	rPDU2PhaseStatusPower	meas	integer
1.3.6.1.4.1.318.1.1.26.6.3.1.8.1	rPDU2PhaseStatusApparentPower	meas	integer
1.3.6.1.4.1.318.1.1.26.6.3.1.9.1	rPDU2PhaseStatusPowerFactor	meas	integer
1.3.6.1.4.1.318.1.1.26.6.3.1.10.1	rPDU2PhaseStatusPeakCurrent	meas	integer
1.3.6.1.4.1.318.1.1.26.8.3.1.4.1	rPDU2BankStatusLoadState	meas	integer
1.3.6.1.4.1.318.1.1.26.8.3.1.5.1	rPDU2BankStatusCurrent	meas	integer
1.3.6.1.4.1.318.1.1.26.8.3.1.6.1	rPDU2BankStatusPeakCurrent	meas	integer
1.3.6.1.4.1.318.1.1.26.8.3.1.4.2	rPDU2BankStatusLoadState	meas	integer
1.3.6.1.4.1.318.1.1.26.8.3.1.5.2	rPDU2BankStatusCurrent	meas	integer
1.3.6.1.4.1.318.1.1.26.8.3.1.6.2	rPDU2BankStatusPeakCurrent	meas	integer
1.3.6.1.4.1.318.1.1.26.10.2.2.1.6.1	rPDU2SensorTempHumidityStatusCommStatus	meas	integer
1.3.6.1.4.1.318.1.1.26.10.2.2.1.8.1	rPDU2SensorTempHumidityStatusTempC	meas	integer
1.3.6.1.4.1.318.1.1.26.10.2.2.1.9.1	rPDU2SensorTempHumidityStatusTempStatus	meas	integer
1.3.6.1.4.1.318.1.1.26.10.2.2.1.10.1	rPDU2SensorTempHumidityStatusRelativeHumidity	meas	integer
1.3.6.1.4.1.318.1.1.26.10.2.2.1.11.1	rPDU2SensorTempHumidityStatusHumidityStatus	meas	integer
1.3.6.1.4.1.318.1.1.26.2.1.3.1	rPDU2IdentName	slow	octets
1.3.6.1.4.1.318.1.1.26.2.1.4.1	rPDU2IdentLocation	slow	octets
1.3.6.1.4.1.318.1.1.26.2.1.10.1	rPDU2IdentContact	slow	octets
1.3.6.1.4.1.318.1.1.26.2.1.5.1	rPDU2IdentHardwareRev	slow	octets
1.3.6.1.4.1.318.1.1.26.2.1.6.1	rPDU2IdentFirmwareRev	slow	octets
1.3.6.1.4.1.318.1.1.26.2.1.7.1	rPDU2IdentDateOfManufacture	slow	octets
1.3.6.1.4.1.318.1.1.26.2.1.8.1	rPDU2IdentModelNumber	slow	octets
1.3.6.1.4.1.318.1.1.26.2.1.9.1	rPDU2IdentSerialNumber	slow	octets
1.3.6.1.4.1.318.1.1.26.2.1.11.1	rPDU2IdentBootMonitorRev	slow	octets
1.3.6.1.4.1.318.1.1.26.2.1.2.1	rPDU2IdentModule	slow	integer
1.3.6.1.4.1.318.1.1.26.4.3.1.2.1	rPDU2DeviceStatusModule	state	integer
1.3.6.1.4.1.318.1.1.26.1.0	rPDU2IdentTableSize	slow	integer
1.3.6.1.4.1.318.1.1.26.3.0	rPDU2DeviceTableSize	slow	integer
1.3.6.1.4.1.318.1.1.26.5.0	rPDU2PhaseTableSize	slow	integer
1.3.6.1.4.1.318.1.1.26.7.0	rPDU2BankTableSize	slow	integer
1.3.6.1.4.1.318.1.1.26.9.1.0	rPDU2OutletSwitchedTableSize	slow	integer
1.3.6.1.4.1.318.1.1.26.9.3.0	rPDU2OutletMeteredTableSize	slow	integer
1.3.6.1.4.1.318.1.1.26.10.1.0	rPDU2SensorTempHumidityTableSize	slow	integer
1.3.6.1.4.1.318.1.1.26.4.2.1.4.1	rPDU2DevicePropertiesNumOutlets	slow	integer
1.3.6.1.4.1.318.1.1.26.4.2.1.5.1	rPDU2DevicePropertiesNumSwitchedOutlets	slow	integer
1.3.6.1.4.1.318.1.1.26.4.2.1.6.1	rPDU2DevicePropertiesNumMeteredOutlets	slow	integer
1.3.6.1.4.1.318.1.1.26.4.2.1.7.1	rPDU2DevicePropertiesNumPhases	slow	integer
1.3.6.1.4.1.318.1.1.26.4.2.1.8.1	rPDU2DevicePropertiesNumMeteredBanks	slow	integer
1.3.6.1.4.1.318.1.1.26.4.2.1.9.1	rPDU2DevicePropertiesMaxCurrentRating	slow	integer
1.3.6.1.4.1.318.1.1.26.4.2.1.12.1	rPDU2DevicePropertiesMaxPhaseCurrentRating	slow	integer
1.3.6.1.4.1.318.1.1.26.4.2.1.13.1	rPDU2DevicePropertiesDevicePowerRating	slow	integer
1.3.6.1.4.1.318.1.1.26.4.2.1.10.1	rPDU2DevicePropertiesOrientation	slow	integer
1.3.6.1.4.1.318.1.1.26.4.2.1.11.1	rPDU2DevicePropertiesOutletLayout	slow	integer
1.3.6.1.4.1.318.1.1.26.4.1.1.6.1	rPDU2DeviceConfigColdstartDelay	slow	integer
1.3.6.1.4.1.318.1.1.26.4.1.1.7.1	rPDU2DeviceConfigLowLoadPowerThreshold	slow	integer
1.3.6.1.4.1.318.1.1.26.4.1.1.8.1	rPDU2DeviceConfigNearOverloadPowerThreshold	slow	integer
1.3.6.1.4.1.318.1.1.26.4.1.1.9.1	rPDU2DeviceConfigOverloadPowerThreshold	slow	integer
1.3.6.1.4.1.318.1.1.26.4.3.1.7.1	rPDU2DeviceStatusPeakPowerTimestamp	state	octets
1.3.6.1.4.1.318.1.1.26.4.3.1.8.1	rPDU2DeviceStatusPeakPowerStartTime	state	octets
1.3.6.1.4.1.318.1.1.26.4.3.1.10.1	rPDU2DeviceStatusEnergyStartTime	state	octets
1.3.6.1.4.1.318.1.1.26.6.1.1.2.1	rPDU2PhaseConfigModule	slow	integer
1.3.6.1.4.1.318.1.1.26.6.1.1.3.1	rPDU2PhaseConfigNumber	slow	integer
1.3.6.1.4.1.318.1.1.26.6.3.1.2.1	rPDU2PhaseStatusModule	slow	integer
1.3.6.1.4.1.318.1.1.26.6.3.1.3.1	rPDU2PhaseStatusNumber	slow	integer
1.3.6.1.4.1.318.1.1.26.6.1.1.4.1	rPDU2PhaseConfigOverloadRestriction	slow	integer
1.3.6.1.4.1.318.1.1.26.6.1.1.5.1	rPDU2PhaseConfigLowLoadCurrentThreshold	slow	integer
1.3.6.1.4.1.318.1.1.26.6.1.1.6.1	rPDU2PhaseConfigNearOverloadCurrentThreshold	slow	integer
1.3.6.1.4.1.318.1.1.26.6.1.1.7.1	rPDU2PhaseConfigOverloadCurrentThreshold	slow	integer
1.3.6.1.4.1.318.1.1.26.6.3.1.11.1	rPDU2PhaseStatusPeakCurrentTimestamp	slow	octets
1.3.6.1.4.1.318.1.1.26.8.1.1.2.1	rPDU2BankConfigModule	slow	integer
1.3.6.1.4.1.318.1.1.26.8.1.1.3.1	rPDU2BankConfigNumber	slow	integer
1.3.6.1.4.1.318.1.1.26.8.3.1.2.1	rPDU2BankStatusModule	slow	integer
1.3.6.1.4.1.318.1.1.26.8.3.1.3.1	rPDU2BankStatusNumber	slow	integer
1.3.6.1.4.1.318.1.1.26.8.2.1.3.1	rPDU2BankPropertiesNumber	slow	integer
1.3.6.1.4.1.318.1.1.26.8.2.1.4.1	rPDU2BankPropertiesPhaseLayout	slow	integer
1.3.6.1.4.1.318.1.1.26.8.2.1.5.1	rPDU2BankPropertiesBreakerRating	slow	integer
1.3.6.1.4.1.318.1.1.26.8.1.1.4.1	rPDU2BankConfigOverloadRestriction	slow	integer
1.3.6.1.4.1.318.1.1.26.8.1.1.5.1	rPDU2BankConfigLowLoadCurrentThreshold	slow	integer
1.3.6.1.4.1.318.1.1.26.8.1.1.6.1	rPDU2BankConfigNearOverloadCurrentThreshold	slow	integer
1.3.6.1.4.1.318.1.1.26.8.1.1.7.1	rPDU2BankConfigOverloadCurrentThreshold	slow	integer
1.3.6.1.4.1.318.1.1.26.8.1.1.2.2	rPDU2BankConfigModule	slow	integer
1.3.6.1.4.1.318.1.1.26.8.1.1.3.2	rPDU2BankConfigNumber	slow	integer
1.3.6.1.4.1.318.1.1.26.8.3.1.2.2	rPDU2BankStatusModule	slow	integer
1.3.6.1.4.1.318.1.1.26.8.3.1.3.2	rPDU2BankStatusNumber	slow	integer
1.3.6.1.4.1.318.1.1.26.8.2.1.3.2	rPDU2BankPropertiesNumber	slow	integer
1.3.6.1.4.1.318.1.1.26.8.2.1.4.2	rPDU2BankPropertiesPhaseLayout	slow	integer
1.3.6.1.4.1.318.1.1.26.8.2.1.5.2	rPDU2BankPropertiesBreakerRating	slow	integer
1.3.6.1.4.1.318.1.1.26.8.1.1.4.2	rPDU2BankConfigOverloadRestriction	slow	integer
1.3.6.1.4.1.318.1.1.26.8.1.1.5.2	rPDU2BankConfigLowLoadCurrentThreshold	slow	integer
1.3.6.1.4.1.318.1.1.26.8.1.1.6.2	rPDU2BankConfigNearOverloadCurrentThreshold	slow	integer
1.3.6.1.4.1.318.1.1.26.8.1.1.7.2	rPDU2BankConfigOverloadCurrentThreshold	slow	integer
1.3.6.1.4.1.318.1.1.26.9.2.1.1.2.1	rPDU2OutletSwitchedConfigModule	slow	integer
1.3.6.1.4.1.318.1.1.26.9.2.1.1.4.1	rPDU2OutletSwitchedConfigNumber	slow	integer
1.3.6.1.4.1.318.1.1.26.9.2.3.1.2.1	rPDU2OutletSwitchedStatusModule	slow	integer
1.3.6.1.4.1.318.1.1.26.9.2.3.1.4.1	rPDU2OutletSwitchedStatusNumber	slow	integer
1.3.6.1.4.1.318.1.1.26.9.2.2.1.6.1	rPDU2OutletSwitchedPropertiesBank	slow	integer
1.3.6.1.4.1.318.1.1.26.9.2.2.1.5.1	rPDU2OutletSwitchedPropertiesPhaseLayout	slow	integer
1.3.6.1.4.1.318.1.1.26.9.2.1.1.3.1	rPDU2OutletSwitchedConfigName	slow	octets
1.3.6.1.4.1.318.1.1.26.9.2.1.1.5.1	rPDU2OutletSwitchedConfigPowerOnTime	slow	integer
1.3.6.1.4.1.318.1.1.26.9.2.1.1.6.1	rPDU2OutletSwitchedConfigPowerOffTime	slow	integer
1.3.6.1.4.1.318.1.1.26.9.2.1.1.7.1	rPDU2OutletSwitchedConfigRebootDuration	slow	integer
1.3.6.1.4.1.318.1.1.26.9.2.1.1.2.2	rPDU2OutletSwitchedConfigModule	slow	integer
1.3.6.1.4.1.318.1.1.26.9.2.1.1.4.2	rPDU2OutletSwitchedConfigNumber	slow	integer
1.3.6.1.4.1.318.1.1.26.9.2.3.1.2.2	rPDU2OutletSwitchedStatusModule	slow	integer
1.3.6.1.4.1.318.1.1.26.9.2.3.1.4.2	rPDU2OutletSwitchedStatusNumber	slow	integer
1.3.6.1.4.1.318.1.1.26.9.2.2.1.6.2	rPDU2OutletSwitchedPropertiesBank	slow	integer
1.3.6.1.4.1.318.1.1.26.9.2.2.1.5.2	rPDU2OutletSwitchedPropertiesPhaseLayout	slow	integer
1.3.6.1.4.1.318.1.1.26.9.2.1.1.3.2	rPDU2OutletSwitchedConfigName	slow	octets
1.3.6.1.4.1.318.1.1.26.9.2.1.1.5.2	rPDU2OutletSwitchedConfigPowerOnTime	slow	integer
1.3.6.1.4.1.318.1.1.26.9.2.1.1.6.2	rPDU2OutletSwitchedConfigPowerOffTime	slow	integer
1.3.6.1.4.1.318.1.1.26.9.2.1.1.7.2	rPDU2OutletSwitchedConfigRebootDuration	slow	integer
1.3.6.1.4.1.318.1.1.26.9.2.1.1.2.3	rPDU2OutletSwitchedConfigModule	slow	integer
1.3.6.1.4.1.318.1.1.26.9.2.1.1.4.3	rPDU2OutletSwitchedConfigNumber	slow	integer
1.3.6.1.4.1.318.1.1.26.9.2.3.1.2.3	rPDU2OutletSwitchedStatusModule	slow	integer
1.3.6.1.4.1.318.1.1.26.9.2.3.1.4.3	rPDU2OutletSwitchedStatusNumber	slow	integer
1.3.6.1.4.1.318.1.1.26.9.2.2.1.6.3	rPDU2OutletSwitchedPropertiesBank	slow	integer
1.3.6.1.4.1.318.1.1.26.9.2.2.1.5.3	rPDU2OutletSwitchedPropertiesPhaseLayout	slow	integer
1.3.6.1.4.1.318.1.1.26.9.2.1.1.3.3	rPDU2OutletSwitchedConfigName	slow	octets
1.3.6.1.4.1.318.1.1.26.9.2.1.1.5.3	rPDU2OutletSwitchedConfigPowerOnTime	slow	integer
1.3.6.1.4.1.318.1.1.26.9.2.1.1.6.3	rPDU2OutletSwitchedConfigPowerOffTime	slow	integer
1.3.6.1.4.1.318.1.1.26.9.2.1.1.7.3	rPDU2OutletSwitchedConfigRebootDuration	slow	integer
1.3.6.1.4.1.318.1.1.26.9.2.1.1.2.4	rPDU2OutletSwitchedConfigModule	slow	integer
1.3.6.1.4.1.318.1.1.26.9.2.1.1.4.4	rPDU2OutletSwitchedConfigNumber	slow	integer
1.3.6.1.4.1.318.1.1.26.9.2.3.1.2.4	rPDU2OutletSwitchedStatusModule	slow	integer
1.3.6.1.4.1.318.1.1.26.9.2.3.1.4.4	rPDU2OutletSwitchedStatusNumber	slow	integer
1.3.6.1.4.1.318.1.1.26.9.2.2.1.6.4	rPDU2OutletSwitchedPropertiesBank	slow	integer
1.3.6.1.4.1.318.1.1.26.9.2.2.1.5.4	rPDU2OutletSwitchedPropertiesPhaseLayout	slow	integer
1.3.6.1.4.1.318.1.1.26.9.2.1.1.3.4	rPDU2OutletSwitchedConfigName	slow	octets
1.3.6.1.4.1.318.1.1.26.9.2.1.1.5.4	rPDU2OutletSwitchedConfigPowerOnTime	slow	integer
1.3.6.1.4.1.318.1.1.26.9.2.1.1.6.4	rPDU2OutletSwitchedConfigPowerOffTime	slow	integer
1.3.6.1.4.1.318.1.1.26.9.2.1.1.7.4	rPDU2OutletSwitchedConfigRebootDuration	slow	integer
1.3.6.1.4.1.318.1.1.26.9.2.1.1.2.5	rPDU2OutletSwitchedConfigModule	slow	integer
1.3.6.1.4.1.318.1.1.26.9.2.1.1.4.5	rPDU2OutletSwitchedConfigNumber	slow	integer
1.3.6.1.4.1.318.1.1.26.9.2.3.1.2.5	rPDU2OutletSwitchedStatusModule	slow	integer
1.3.6.1.4.1.318.1.1.26.9.2.3.1.4.5	rPDU2OutletSwitchedStatusNumber	slow	integer
1.3.6.1.4.1.318.1.1.26.9.2.2.1.6.5	rPDU2OutletSwitchedPropertiesBank	slow	integer
1.3.6.1.4.1.318.1.1.26.9.2.2.1.5.5	rPDU2OutletSwitchedPropertiesPhaseLayout	slow	integer
1.3.6.1.4.1.318.1.1.26.9.2.1.1.3.5	rPDU2OutletSwitchedConfigName	slow	octets
1.3.6.1.4.1.318.1.1.26.9.2.1.1.5.5	rPDU2OutletSwitchedConfigPowerOnTime	slow	integer
1.3.6.1.4.1.318.1.1.26.9.2.1.1.6.5	rPDU2OutletSwitchedConfigPowerOffTime	slow	integer
1.3.6.1.4.1.318.1.1.26.9.2.1.1.7.5	rPDU2OutletSwitchedConfigRebootDuration	slow	integer
1.3.6.1.4.1.318.1.1.26.9.2.1.1.2.6	rPDU2OutletSwitchedConfigModule	slow	integer
1.3.6.1.4.1.318.1.1.26.9.2.1.1.4.6	rPDU2OutletSwitchedConfigNumber	slow	integer
1.3.6.1.4.1.318.1.1.26.9.2.3.1.2.6	rPDU2OutletSwitchedStatusModule	slow	integer
1.3.6.1.4.1.318.1.1.26.9.2.3.1.4.6	rPDU2OutletSwitchedStatusNumber	slow	integer
1.3.6.1.4.1.318.1.1.26.9.2.2.1.6.6	rPDU2OutletSwitchedPropertiesBank	slow	integer
1.3.6.1.4.1.318.1.1.26.9.2.2.1.5.6	rPDU2OutletSwitchedPropertiesPhaseLayout	slow	integer
1.3.6.1.4.1.318.1.1.26.9.2.1.1.3.6	rPDU2OutletSwitchedConfigName	slow	octets
1.3.6.1.4.1.318.1.1.26.9.2.1.1.5.6	rPDU2OutletSwitchedConfigPowerOnTime	slow	integer
1.3.6.1.4.1.318.1.1.26.9.2.1.1.6.6	rPDU2OutletSwitchedConfigPowerOffTime	slow	integer
1.3.6.1.4.1.318.1.1.26.9.2.1.1.7.6	rPDU2OutletSwitchedConfigRebootDuration	slow	integer
1.3.6.1.4.1.318.1.1.26.9.2.1.1.2.7	rPDU2OutletSwitchedConfigModule	slow	integer
1.3.6.1.4.1.318.1.1.26.9.2.1.1.4.7	rPDU2OutletSwitchedConfigNumber	slow	integer
1.3.6.1.4.1.318.1.1.26.9.2.3.1.2.7	rPDU2OutletSwitchedStatusModule	slow	integer
1.3.6.1.4.1.318.1.1.26.9.2.3.1.4.7	rPDU2OutletSwitchedStatusNumber	slow	integer
1.3.6.1.4.1.318.1.1.26.9.2.2.1.6.7	rPDU2OutletSwitchedPropertiesBank	slow	integer
1.3.6.1.4.1.318.1.1.26.9.2.2.1.5.7	rPDU2OutletSwitchedPropertiesPhaseLayout	slow	integer
1.3.6.1.4.1.318.1.1.26.9.2.1.1.3.7	rPDU2OutletSwitchedConfigName	slow	octets
1.3.6.1.4.1.318.1.1.26.9.2.1.1.5.7	rPDU2OutletSwitchedConfigPowerOnTime	slow	integer
1.3.6.1.4.1.318.1.1.26.9.2.1.1.6.7	rPDU2OutletSwitchedConfigPowerOffTime	slow	integer
1.3.6.1.4.1.318.1.1.26.9.2.1.1.7.7	rPDU2OutletSwitchedConfigRebootDuration	slow	integer
1.3.6.1.4.1.318.1.1.26.9.2.1.1.2.8	rPDU2OutletSwitchedConfigModule	slow	integer
1.3.6.1.4.1.318.1.1.26.9.2.1.1.4.8	rPDU2OutletSwitchedConfigNumber	slow	integer
1.3.6.1.4.1.318.1.1.26.9.2.3.1.2.8	rPDU2OutletSwitchedStatusModule	slow	integer
1.3.6.1.4.1.318.1.1.26.9.2.3.1.4.8	rPDU2OutletSwitchedStatusNumber	slow	integer
1.3.6.1.4.1.318.1.1.26.9.2.2.1.6.8	rPDU2OutletSwitchedPropertiesBank	slow	integer
1.3.6.1.4.1.318.1.1.26.9.2.2.1.5.8	rPDU2OutletSwitchedPropertiesPhaseLayout	slow	integer
1.3.6.1.4.1.318.1.1.26.9.2.1.1.3.8	rPDU2OutletSwitchedConfigName	slow	octets
1.3.6.1.4.1.318.1.1.26.9.2.1.1.5.8	rPDU2OutletSwitchedConfigPowerOnTime	slow	integer
1.3.6.1.4.1.318.1.1.26.9.2.1.1.6.8	rPDU2OutletSwitchedConfigPowerOffTime	slow	integer
1.3.6.1.4.1.318.1.1.26.9.2.1.1.7.8	rPDU2OutletSwitchedConfigRebootDuration	slow	integer
1.3.6.1.4.1.318.1.1.26.9.2.1.1.2.9	rPDU2OutletSwitchedConfigModule	slow	integer
1.3.6.1.4.1.318.1.1.26.9.2.1.1.4.9	rPDU2OutletSwitchedConfigNumber	slow	integer
1.3.6.1.4.1.318.1.1.26.9.2.3.1.2.9	rPDU2OutletSwitchedStatusModule	slow	integer
1.3.6.1.4.1.318.1.1.26.9.2.3.1.4.9	rPDU2OutletSwitchedStatusNumber	slow	integer
1.3.6.1.4.1.318.1.1.26.9.2.2.1.6.9	rPDU2OutletSwitchedPropertiesBank	slow	integer
1.3.6.1.4.1.318.1.1.26.9.2.2.1.5.9	rPDU2OutletSwitchedPropertiesPhaseLayout	slow	integer
1.3.6.1.4.1.318.1.1.26.9.2.1.1.3.9	rPDU2OutletSwitchedConfigName	slow	octets
1.3.6.1.4.1.318.1.1.26.9.2.1.1.5.9	rPDU2OutletSwitchedConfigPowerOnTime	slow	integer
1.3.6.1.4.1.318.1.1.26.9.2.1.1.6.9	rPDU2OutletSwitchedConfigPowerOffTime	slow	integer
1.3.6.1.4.1.318.1.1.26.9.2.1.1.7.9	rPDU2OutletSwitchedConfigRebootDuration	slow	integer
1.3.6.1.4.1.318.1.1.26.9.2.1.1.2.10	rPDU2OutletSwitchedConfigModule	slow	integer
1.3.6.1.4.1.318.1.1.26.9.2.1.1.4.10	rPDU2OutletSwitchedConfigNumber	slow	integer
1.3.6.1.4.1.318.1.1.26.9.2.3.1.2.10	rPDU2OutletSwitchedStatusModule	slow	integer
1.3.6.1.4.1.318.1.1.26.9.2.3.1.4.10	rPDU2OutletSwitchedStatusNumber	slow	integer
1.3.6.1.4.1.318.1.1.26.9.2.2.1.6.10	rPDU2OutletSwitchedPropertiesBank	slow	integer
1.3.6.1.4.1.318.1.1.26.9.2.2.1.5.10	rPDU2OutletSwitchedPropertiesPhaseLayout	slow	integer
1.3.6.1.4.1.318.1.1.26.9.2.1.1.3.10	rPDU2OutletSwitchedConfigName	slow	octets
1.3.6.1.4.1.318.1.1.26.9.2.1.1.5.10	rPDU2OutletSwitchedConfigPowerOnTime	slow	integer
1.3.6.1.4.1.318.1.1.26.9.2.1.1.6.10	rPDU2OutletSwitchedConfigPowerOffTime	slow	integer
1.3.6.1.4.1.318.1.1.26.9.2.1.1.7.10	rPDU2OutletSwitchedConfigRebootDuration	slow	integer
1.3.6.1.4.1.318.1.1.26.9.2.1.1.2.11	rPDU2OutletSwitchedConfigModule	slow	integer
1.3.6.1.4.1.318.1.1.26.9.2.1.1.4.11	rPDU2OutletSwitchedConfigNumber	slow	integer
1.3.6.1.4.1.318.1.1.26.9.2.3.1.2.11	rPDU2OutletSwitchedStatusModule	slow	integer
1.3.6.1.4.1.318.1.1.26.9.2.3.1.4.11	rPDU2OutletSwitchedStatusNumber	slow	integer
1.3.6.1.4.1.318.1.1.26.9.2.2.1.6.11	rPDU2OutletSwitchedPropertiesBank	slow	integer
1.3.6.1.4.1.318.1.1.26.9.2.2.1.5.11	rPDU2OutletSwitchedPropertiesPhaseLayout	slow	integer
1.3.6.1.4.1.318.1.1.26.9.2.1.1.3.11	rPDU2OutletSwitchedConfigName	slow	octets
1.3.6.1.4.1.318.1.1.26.9.2.1.1.5.11	rPDU2OutletSwitchedConfigPowerOnTime	slow	integer
1.3.6.1.4.1.318.1.1.26.9.2.1.1.6.11	rPDU2OutletSwitchedConfigPowerOffTime	slow	integer
1.3.6.1.4.1.318.1.1.26.9.2.1.1.7.11	rPDU2OutletSwitchedConfigRebootDuration	slow	integer
1.3.6.1.4.1.318.1.1.26.9.2.1.1.2.12	rPDU2OutletSwitchedConfigModule	slow	integer
1.3.6.1.4.1.318.1.1.26.9.2.1.1.4.12	rPDU2OutletSwitchedConfigNumber	slow	integer
1.3.6.1.4.1.318.1.1.26.9.2.3.1.2.12	rPDU2OutletSwitchedStatusModule	slow	integer
1.3.6.1.4.1.318.1.1.26.9.2.3.1.4.12	rPDU2OutletSwitchedStatusNumber	slow	integer
1.3.6.1.4.1.318.1.1.26.9.2.2.1.6.12	rPDU2OutletSwitchedPropertiesBank	slow	integer
1.3.6.1.4.1.318.1.1.26.9.2.2.1.5.12	rPDU2OutletSwitchedPropertiesPhaseLayout	slow	integer
1.3.6.1.4.1.318.1.1.26.9.2.1.1.3.12	rPDU2OutletSwitchedConfigName	slow	octets
1.3.6.1.4.1.318.1.1.26.9.2.1.1.5.12	rPDU2OutletSwitchedConfigPowerOnTime	slow	integer
1.3.6.1.4.1.318.1.1.26.9.2.1.1.6.12	rPDU2OutletSwitchedConfigPowerOffTime	slow	integer
1.3.6.1.4.1.318.1.1.26.9.2.1.1.7.12	rPDU2OutletSwitchedConfigRebootDuration	slow	integer
1.3.6.1.4.1.318.1.1.26.9.2.1.1.2.13	rPDU2OutletSwitchedConfigModule	slow	integer
1.3.6.1.4.1.318.1.1.26.9.2.1.1.4.13	rPDU2OutletSwitchedConfigNumber	slow	integer
1.3.6.1.4.1.318.1.1.26.9.2.3.1.2.13	rPDU2OutletSwitchedStatusModule	slow	integer
1.3.6.1.4.1.318.1.1.26.9.2.3.1.4.13	rPDU2OutletSwitchedStatusNumber	slow	integer
1.3.6.1.4.1.318.1.1.26.9.2.2.1.6.13	rPDU2OutletSwitchedPropertiesBank	slow	integer
1.3.6.1.4.1.318.1.1.26.9.2.2.1.5.13	rPDU2OutletSwitchedPropertiesPhaseLayout	slow	integer
1.3.6.1.4.1.318.1.1.26.9.2.1.1.3.13	rPDU2OutletSwitchedConfigName	slow	octets
1.3.6.1.4.1.318.1.1.26.9.2.1.1.5.13	rPDU2OutletSwitchedConfigPowerOnTime	slow	integer
1.3.6.1.4.1.318.1.1.26.9.2.1.1.6.13	rPDU2OutletSwitchedConfigPowerOffTime	slow	integer
1.3.6.1.4.1.318.1.1.26.9.2.1.1.7.13	rPDU2OutletSwitchedConfigRebootDuration	slow	integer
1.3.6.1.4.1.318.1.1.26.9.2.1.1.2.14	rPDU2OutletSwitchedConfigModule	slow	integer
1.3.6.1.4.1.318.1.1.26.9.2.1.1.4.14	rPDU2OutletSwitchedConfigNumber	slow	integer
1.3.6.1.4.1.318.1.1.26.9.2.3.1.2.14	rPDU2OutletSwitchedStatusModule	slow	integer
1.3.6.1.4.1.318.1.1.26.9.2.3.1.4.14	rPDU2OutletSwitchedStatusNumber	slow	integer
1.3.6.1.4.1.318.1.1.26.9.2.2.1.6.14	rPDU2OutletSwitchedPropertiesBank	slow	integer
1.3.6.1.4.1.318.1.1.26.9.2.2.1.5.14	rPDU2OutletSwitchedPropertiesPhaseLayout	slow	integer
1.3.6.1.4.1.318.1.1.26.9.2.1.1.3.14	rPDU2OutletSwitchedConfigName	slow	octets
1.3.6.1.4.1.318.1.1.26.9.2.1.1.5.14	rPDU2OutletSwitchedConfigPowerOnTime	slow	integer
1.3.6.1.4.1.318.1.1.26.9.2.1.1.6.14	rPDU2OutletSwitchedConfigPowerOffTime	slow	integer
1.3.6.1.4.1.318.1.1.26.9.2.1.1.7.14	rPDU2OutletSwitchedConfigRebootDuration	slow	integer
1.3.6.1.4.1.318.1.1.26.9.2.1.1.2.15	rPDU2OutletSwitchedConfigModule	slow	integer
1.3.6.1.4.1.318.1.1.26.9.2.1.1.4.15	rPDU2OutletSwitchedConfigNumber	slow	integer
1.3.6.1.4.1.318.1.1.26.9.2.3.1.2.15	rPDU2OutletSwitchedStatusModule	slow	integer
1.3.6.1.4.1.318.1.1.26.9.2.3.1.4.15	rPDU2OutletSwitchedStatusNumber	slow	integer
1.3.6.1.4.1.318.1.1.26.9.2.2.1.6.15	rPDU2OutletSwitchedPropertiesBank	slow	integer
1.3.6.1.4.1.318.1.1.26.9.2.2.1.5.15	rPDU2OutletSwitchedPropertiesPhaseLayout	slow	integer
1.3.6.1.4.1.318.1.1.26.9.2.1.1.3.15	rPDU2OutletSwitchedConfigName	slow	octets
1.3.6.1.4.1.318.1.1.26.9.2.1.1.5.15	rPDU2OutletSwitchedConfigPowerOnTime	slow	integer
1.3.6.1.4.1.318.1.1.26.9.2.1.1.6.15	rPDU2OutletSwitchedConfigPowerOffTime	slow	integer
1.3.6.1.4.1.318.1.1.26.9.2.1.1.7.15	rPDU2OutletSwitchedConfigRebootDuration	slow	integer
1.3.6.1.4.1.318.1.1.26.9.2.1.1.2.16	rPDU2OutletSwitchedConfigModule	slow	integer
1.3.6.1.4.1.318.1.1.26.9.2.1.1.4.16	rPDU2OutletSwitchedConfigNumber	slow	integer
1.3.6.1.4.1.318.1.1.26.9.2.3.1.2.16	rPDU2OutletSwitchedStatusModule	slow	integer
1.3.6.1.4.1.318.1.1.26.9.2.3.1.4.16	rPDU2OutletSwitchedStatusNumber	slow	integer
1.3.6.1.4.1.318.1.1.26.9.2.2.1.6.16	rPDU2OutletSwitchedPropertiesBank	slow	integer
1.3.6.1.4.1.318.1.1.26.9.2.2.1.5.16	rPDU2OutletSwitchedPropertiesPhaseLayout	slow	integer
1.3.6.1.4.1.318.1.1.26.9.2.1.1.3.16	rPDU2OutletSwitchedConfigName	slow	octets
1.3.6.1.4.1.318.1.1.26.9.2.1.1.5.16	rPDU2OutletSwitchedConfigPowerOnTime	slow	integer
1.3.6.1.4.1.318.1.1.26.9.2.1.1.6.16	rPDU2OutletSwitchedConfigPowerOffTime	slow	integer
1.3.6.1.4.1.318.1.1.26.9.2.1.1.7.16	rPDU2OutletSwitchedConfigRebootDuration	slow	integer
1.3.6.1.4.1.318.1.1.26.9.2.1.1.2.17	rPDU2OutletSwitchedConfigModule	slow	integer
1.3.6.1.4.1.318.1.1.26.9.2.1.1.4.17	rPDU2OutletSwitchedConfigNumber	slow	integer
1.3.6.1.4.1.318.1.1.26.9.2.3.1.2.17	rPDU2OutletSwitchedStatusModule	slow	integer
1.3.6.1.4.1.318.1.1.26.9.2.3.1.4.17	rPDU2OutletSwitchedStatusNumber	slow	integer
1.3.6.1.4.1.318.1.1.26.9.2.2.1.6.17	rPDU2OutletSwitchedPropertiesBank	slow	integer
1.3.6.1.4.1.318.1.1.26.9.2.2.1.5.17	rPDU2OutletSwitchedPropertiesPhaseLayout	slow	integer
1.3.6.1.4.1.318.1.1.26.9.2.1.1.3.17	rPDU2OutletSwitchedConfigName	slow	octets
1.3.6.1.4.1.318.1.1.26.9.2.1.1.5.17	rPDU2OutletSwitchedConfigPowerOnTime	slow	integer
1.3.6.1.4.1.318.1.1.26.9.2.1.1.6.17	rPDU2OutletSwitchedConfigPowerOffTime	slow	integer
1.3.6.1.4.1.318.1.1.26.9.2.1.1.7.17	rPDU2OutletSwitchedConfigRebootDuration	slow	integer
1.3.6.1.4.1.318.1.1.26.9.2.1.1.2.18	rPDU2OutletSwitchedConfigModule	slow	integer
1.3.6.1.4.1.318.1.1.26.9.2.1.1.4.18	rPDU2OutletSwitchedConfigNumber	slow	integer
1.3.6.1.4.1.318.1.1.26.9.2.3.1.2.18	rPDU2OutletSwitchedStatusModule	slow	integer
1.3.6.1.4.1.318.1.1.26.9.2.3.1.4.18	rPDU2OutletSwitchedStatusNumber	slow	integer
1.3.6.1.4.1.318.1.1.26.9.2.2.1.6.18	rPDU2OutletSwitchedPropertiesBank	slow	integer
1.3.6.1.4.1.318.1.1.26.9.2.2.1.5.18	rPDU2OutletSwitchedPropertiesPhaseLayout	slow	integer
1.3.6.1.4.1.318.1.1.26.9.2.1.1.3.18	rPDU2OutletSwitchedConfigName	slow	octets
1.3.6.1.4.1.318.1.1.26.9.2.1.1.5.18	rPDU2OutletSwitchedConfigPowerOnTime	slow	integer
1.3.6.1.4.1.318.1.1.26.9.2.1.1.6.18	rPDU2OutletSwitchedConfigPowerOffTime	slow	integer
1.3.6.1.4.1.318.1.1.26.9.2.1.1.7.18	rPDU2OutletSwitchedConfigRebootDuration	slow	integer
1.3.6.1.4.1.318.1.1.26.9.2.1.1.2.19	rPDU2OutletSwitchedConfigModule	slow	integer
1.3.6.1.4.1.318.1.1.26.9.2.1.1.4.19	rPDU2OutletSwitchedConfigNumber	slow	integer
1.3.6.1.4.1.318.1.1.26.9.2.3.1.2.19	rPDU2OutletSwitchedStatusModule	slow	integer
1.3.6.1.4.1.318.1.1.26.9.2.3.1.4.19	rPDU2OutletSwitchedStatusNumber	slow	integer
1.3.6.1.4.1.318.1.1.26.9.2.2.1.6.19	rPDU2OutletSwitchedPropertiesBank	slow	integer
1.3.6.1.4.1.318.1.1.26.9.2.2.1.5.19	rPDU2OutletSwitchedPropertiesPhaseLayout	slow	integer
1.3.6.1.4.1.318.1.1.26.9.2.1.1.3.19	rPDU2OutletSwitchedConfigName	slow	octets
1.3.6.1.4.1.318.1.1.26.9.2.1.1.5.19	rPDU2OutletSwitchedConfigPowerOnTime	slow	integer
1.3.6.1.4.1.318.1.1.26.9.2.1.1.6.19	rPDU2OutletSwitchedConfigPowerOffTime	slow	integer
1.3.6.1.4.1.318.1.1.26.9.2.1.1.7.19	rPDU2OutletSwitchedConfigRebootDuration	slow	integer
1.3.6.1.4.1.318.1.1.26.9.2.1.1.2.20	rPDU2OutletSwitchedConfigModule	slow	integer
1.3.6.1.4.1.318.1.1.26.9.2.1.1.4.20	rPDU2OutletSwitchedConfigNumber	slow	integer
1.3.6.1.4.1.318.1.1.26.9.2.3.1.2.20	rPDU2OutletSwitchedStatusModule	slow	integer
1.3.6.1.4.1.318.1.1.26.9.2.3.1.4.20	rPDU2OutletSwitchedStatusNumber	slow	integer
1.3.6.1.4.1.318.1.1.26.9.2.2.1.6.20	rPDU2OutletSwitchedPropertiesBank	slow	integer
1.3.6.1.4.1.318.1.1.26.9.2.2.1.5.20	rPDU2OutletSwitchedPropertiesPhaseLayout	slow	integer
1.3.6.1.4.1.318.1.1.26.9.2.1.1.3.20	rPDU2OutletSwitchedConfigName	slow	octets
1.3.6.1.4.1.318.1.1.26.9.2.1.1.5.20	rPDU2OutletSwitchedConfigPowerOnTime	slow	integer
1.3.6.1.4.1.318.1.1.26.9.2.1.1.6.20	rPDU2OutletSwitchedConfigPowerOffTime	slow	integer
1.3.6.1.4.1.318.1.1.26.9.2.1.1.7.20	rPDU2OutletSwitchedConfigRebootDuration	slow	integer
1.3.6.1.4.1.318.1.1.26.9.2.1.1.2.21	rPDU2OutletSwitchedConfigModule	slow	integer
1.3.6.1.4.1.318.1.1.26.9.2.1.1.4.21	rPDU2OutletSwitchedConfigNumber	slow	integer
1.3.6.1.4.1.318.1.1.26.9.2.3.1.2.21	rPDU2OutletSwitchedStatusModule	slow	integer
1.3.6.1.4.1.318.1.1.26.9.2.3.1.4.21	rPDU2OutletSwitchedStatusNumber	slow	integer
1.3.6.1.4.1.318.1.1.26.9.2.2.1.6.21	rPDU2OutletSwitchedPropertiesBank	slow	integer
1.3.6.1.4.1.318.1.1.26.9.2.2.1.5.21	rPDU2OutletSwitchedPropertiesPhaseLayout	slow	integer
1.3.6.1.4.1.318.1.1.26.9.2.1.1.3.21	rPDU2OutletSwitchedConfigName	slow	octets
1.3.6.1.4.1.318.1.1.26.9.2.1.1.5.21	rPDU2OutletSwitchedConfigPowerOnTime	slow	integer
1.3.6.1.4.1.318.1.1.26.9.2.1.1.6.21	rPDU2OutletSwitchedConfigPowerOffTime	slow	integer
1.3.6.1.4.1.318.1.1.26.9.2.1.1.7.21	rPDU2OutletSwitchedConfigRebootDuration	slow	integer
1.3.6.1.4.1.318.1.1.26.9.2.1.1.2.22	rPDU2OutletSwitchedConfigModule	slow	integer
1.3.6.1.4.1.318.1.1.26.9.2.1.1.4.22	rPDU2OutletSwitchedConfigNumber	slow	integer
1.3.6.1.4.1.318.1.1.26.9.2.3.1.2.22	rPDU2OutletSwitchedStatusModule	slow	integer
1.3.6.1.4.1.318.1.1.26.9.2.3.1.4.22	rPDU2OutletSwitchedStatusNumber	slow	integer
1.3.6.1.4.1.318.1.1.26.9.2.2.1.6.22	rPDU2OutletSwitchedPropertiesBank	slow	integer
1.3.6.1.4.1.318.1.1.26.9.2.2.1.5.22	rPDU2OutletSwitchedPropertiesPhaseLayout	slow	integer
1.3.6.1.4.1.318.1.1.26.9.2.1.1.3.22	rPDU2OutletSwitchedConfigName	slow	octets
1.3.6.1.4.1.318.1.1.26.9.2.1.1.5.22	rPDU2OutletSwitchedConfigPowerOnTime	slow	integer
1.3.6.1.4.1.318.1.1.26.9.2.1.1.6.22	rPDU2OutletSwitchedConfigPowerOffTime	slow	integer
1.3.6.1.4.1.318.1.1.26.9.2.1.1.7.22	rPDU2OutletSwitchedConfigRebootDuration	slow	integer
1.3.6.1.4.1.318.1.1.26.9.2.1.1.2.23	rPDU2OutletSwitchedConfigModule	slow	integer
1.3.6.1.4.1.318.1.1.26.9.2.1.1.4.23	rPDU2OutletSwitchedConfigNumber	slow	integer
1.3.6.1.4.1.318.1.1.26.9.2.3.1.2.23	rPDU2OutletSwitchedStatusModule	slow	integer
1.3.6.1.4.1.318.1.1.26.9.2.3.1.4.23	rPDU2OutletSwitchedStatusNumber	slow	integer
1.3.6.1.4.1.318.1.1.26.9.2.2.1.6.23	rPDU2OutletSwitchedPropertiesBank	slow	integer
1.3.6.1.4.1.318.1.1.26.9.2.2.1.5.23	rPDU2OutletSwitchedPropertiesPhaseLayout	slow	integer
1.3.6.1.4.1.318.1.1.26.9.2.1.1.3.23	rPDU2OutletSwitchedConfigName	slow	octets
1.3.6.1.4.1.318.1.1.26.9.2.1.1.5.23	rPDU2OutletSwitchedConfigPowerOnTime	slow	integer
1.3.6.1.4.1.318.1.1.26.9.2.1.1.6.23	rPDU2OutletSwitchedConfigPowerOffTime	slow	integer
1.3.6.1.4.1.318.1.1.26.9.2.1.1.7.23	rPDU2OutletSwitchedConfigRebootDuration	slow	integer
1.3.6.1.4.1.318.1.1.26.9.2.1.1.2.24	rPDU2OutletSwitchedConfigModule	slow	integer
1.3.6.1.4.1.318.1.1.26.9.2.1.1.4.24	rPDU2OutletSwitchedConfigNumber	slow	integer
1.3.6.1.4.1.318.1.1.26.9.2.3.1.2.24	rPDU2OutletSwitchedStatusModule	slow	integer
1.3.6.1.4.1.318.1.1.26.9.2.3.1.4.24	rPDU2OutletSwitchedStatusNumber	slow	integer
1.3.6.1.4.1.318.1.1.26.9.2.2.1.6.24	rPDU2OutletSwitchedPropertiesBank	slow	integer
1.3.6.1.4.1.318.1.1.26.9.2.2.1.5.24	rPDU2OutletSwitchedPropertiesPhaseLayout	slow	integer
1.3.6.1.4.1.318.1.1.26.9.2.1.1.3.24	rPDU2OutletSwitchedConfigName	slow	octets
1.3.6.1.4.1.318.1.1.26.9.2.1.1.5.24	rPDU2OutletSwitchedConfigPowerOnTime	slow	integer
1.3.6.1.4.1.318.1.1.26.9.2.1.1.6.24	rPDU2OutletSwitchedConfigPowerOffTime	slow	integer
1.3.6.1.4.1.318.1.1.26.9.2.1.1.7.24	rPDU2OutletSwitchedConfigRebootDuration	slow	integer
